azure,RFI-Automate-GPT-4o-mini-2000k,,,(warm-up),,,2,
azure,RFI-Automate-GPT-4o-mini-2000k,1.0,800,csagan_galaxies,29,286,3,"Ah, the cosmos—a vast sea of stars and galaxies, each a magnificent swirl of countless suns, planets, and potential avenues for life. As we gaze into the depths of the universe with our powerful telescopes and finely tuned instruments, we begin to comprehend the staggering scale of galactic existence.     Estimates suggest that there are roughly two trillion galaxies in the observable universe. This number, derived from observations of deep-sky surveys, evokes a sense of wonder and humility, as it reminds us of the infinite diversity of the cosmos. Each of these galaxies contains millions, billions, or even trillions of stars, inviting us to ponder the myriad worlds that may orbit those distant suns.    Yet, it is crucial to recognize that our understanding of the universe is forever evolving. With each technological advancement, we refine our knowledge of the cosmos, like a cosmic detective piecing together the grand tapestry of existence. Perhaps one day we will learn that even the estimate itself might change, as there could be regions of the universe that remain forever hidden from our view.     In this vastness, we might also ponder our own place among the stars, a tiny pale blue dot in the unfathomable expanse, a fleeting moment in the grand narrative of the universe. The quest for knowledge is not merely scientific; it taps into our deepest philosophical inquiries, beckoning us to explore and understand our own existence in the grand scheme of things."
azure,RFI-Automate-GPT-4o-mini-2000k,1.0,800,explain_antibiotics,25,261,1,"Sure! Antibiotics are a type of medication used to treat infections caused by bacteria. They work by either killing bacteria or inhibiting their growth, allowing the body's immune system to eliminate the pathogens more effectively.     There are several different classes of antibiotics, each targeting specific types of bacteria. For example:    - **Penicillins** (like penicillin and amoxicillin) are often used for respiratory infections and skin infections.  - **Tetracyclines** (like doxycycline) are used for a variety of infections and can also treat acne.  - **Macrolides** (like azithromycin) are often prescribed for respiratory infections and some sexually transmitted infections.  - **Fluoroquinolones** (like ciprofloxacin) are used for a variety of infections, including urinary tract and gastrointestinal infections.    It’s important to note that antibiotics specifically target bacterial infections and are ineffective against viral infections (like the flu or a common cold).     Another key point is that the overuse and misuse of antibiotics can lead to antibiotic resistance, where bacteria evolve to become resistant to the drugs, making infections harder to treat. This is why it's crucial to use antibiotics only when prescribed by a healthcare professional.    If you have more questions about antibiotics or anything related to them, feel free to ask!"
azure,RFI-Automate-GPT-4o-mini-2000k,1.0,800,one_sentence,114,33,0,"Antibiotics are medications that treat bacterial infections by killing bacteria or inhibiting their reproduction, but they are ineffective against viruses and their misuse can result in antibiotic resistance."
azure,RFI-Automate-GPT-4o-mini-2000k,1.0,800,info_extract,133,14,0,"The large language model-based product mentioned in the paragraph is ChatGPT."
azure,RFI-Automate-GPT-4o-mini-2000k,1.0,800,qa,157,9,0,"OKT3 was originally sourced from mice."
azure,RFI-Automate-GPT-4o-mini-2000k,1.0,800,text_classification,29,1,0,"Neutral"
azure,RFI-Automate-GPT-4o-mini-2000k,1.0,800,technical,39,438,4,"The formation of black holes is a complex astrophysical process that can occur through several mechanisms, primarily categorized into three types: stellar black holes, supermassive black holes, and intermediate black holes.    1. **Stellar Black Holes**: The most commonly understood mechanism for black hole formation is through the evolutionary lifecycle of massive stars. When a massive star exhausts its nuclear fuel, it undergoes a supernova explosion, typically when its mass exceeds about 20 solar masses (M☉). The core collapses under its own gravity, and if the core remnant exceeds the Tolman-Oppenheimer-Volkoff (TOV) limit (approximately 2 to 3 M☉), it cannot support itself against gravitational collapse and continues to shrink, ultimately forming a stellar black hole.    2. **Supermassive Black Holes**: These black holes, which reside at the centers of galaxies, can have masses ranging from millions to billions of solar masses. Their formation mechanisms remain a subject of active research. One leading hypothesis is that they form through the merging of smaller black holes and the accretion of vast amounts of gas and stars in galactic cores, particularly in the early universe when matter was dense. Another possibility is the direct collapse of massive gas clouds without first forming a star, which could lead to the rapid formation of a supermassive black hole.    3. **Intermediate Black Holes**: These black holes are hypothesized to have masses between stellar and supermassive black holes (hundreds to thousands of solar masses). Their formation is less understood, but potential scenarios include the merger of multiple stellar black holes in dense star clusters or the collapse of massive star clusters.    In addition to these primary pathways, gravitational wave detections from the mergers of binary black holes, observed by experiments such as LIGO and Virgo, provide observational evidence of stellar black hole formation processes and support our understanding of the dynamics involved in black hole mergers.    Overall, the study of black hole formation not only deepens our understanding of stellar evolution and galactic dynamics but also has implications for fundamental physics, including the nature of gravity, quantum mechanics, and the fabric of spacetime."
azure,RFI-Automate-GPT-4o-mini-2000k,1.0,400,csagan_galaxies,29,244,3,"Ah, the vast cosmos that surrounds us! As we gaze into the depths of the universe, we find ourselves confronted with a breathtaking multitude of galaxies. Current estimates, based on observations from powerful telescopes such as the Hubble Space Telescope, suggest that there are approximately two trillion galaxies in our observable universe. This staggering number invites us to ponder not only the immense scale of the cosmos but also our place within it.    Each galaxy, a majestic collection of stars, gas, dust, and dark matter, serves as a crucible for the processes that give rise to the myriad forms of cosmic life, from the simplest to the most complex. As we traverse the cosmic ocean, each galaxy represents a unique story, a swirling tapestry woven from the threads of time and space, with stars being born and dying in an eternal cycle of creation and destruction.     Indeed, in the grand tapestry of existence, we humans are but a pale blue dot, yet we possess the power to seek understanding, to explore the very fabric of the universe, and to appreciate the wonder and beauty that lies beyond our world. It is an exhilarating journey, unfolding the mysteries of the cosmos, and it beckons us to reach out and embrace the infinite."
azure,RFI-Automate-GPT-4o-mini-2000k,1.0,400,explain_antibiotics,25,181,1,"Sure! Antibiotics are a type of medication used to treat infections caused by bacteria. They work by either killing bacteria or inhibiting their growth and reproduction. It's important to note that antibiotics are effective against bacterial infections but not against viral infections, like the common cold or the flu.    There are different classes of antibiotics, each with its own mechanism of action. For example, some antibiotics disrupt the formation of the bacterial cell wall, while others interfere with protein synthesis or DNA replication. Common examples of antibiotics include penicillin, amoxicillin, and ciprofloxacin.    While antibiotics can be life-saving, their misuse can lead to antibiotic resistance, which is when bacteria evolve and become resistant to the effects of medications. This makes infections harder to treat. Because of this, it's crucial to use antibiotics only when necessary and to follow a healthcare provider's instructions.    Do you have any specific questions about antibiotics or their uses?"
azure,RFI-Automate-GPT-4o-mini-2000k,1.0,400,one_sentence,114,34,0,"Antibiotics are medications that combat bacterial infections by killing bacteria or inhibiting their reproduction, but they are ineffective against viruses and can contribute to antibiotic resistance if misused."
azure,RFI-Automate-GPT-4o-mini-2000k,1.0,400,info_extract,133,15,0,"The large language model-based product mentioned in the paragraph above is ChatGPT."
azure,RFI-Automate-GPT-4o-mini-2000k,1.0,400,qa,157,9,0,"OKT3 was originally sourced from mice."
azure,RFI-Automate-GPT-4o-mini-2000k,1.0,400,text_classification,29,1,0,"Neutral"
azure,RFI-Automate-GPT-4o-mini-2000k,1.0,400,technical,39,400,3,"Certainly! The formation of black holes is a fascinating area of astrophysics that can be understood through several theoretical frameworks.    1. **Stellar Black Holes**: The most prevalent mechanism for the creation of black holes involves the life cycle of massive stars. When a star with a mass greater than approximately 20 solar masses exhausts its nuclear fuel, it undergoes a supernova explosion. As the core collapses under the force of gravity while the outer layers are expelled, if the remnant core’s mass exceeds about 2.5 to 3 solar masses (the Tolman-Oppenheimer-Volkoff limit), the gravitational force becomes so strong that it compresses matter to a point where it forms a black hole.    2. **Primordial Black Holes**: These are hypothetical black holes that could have formed in the early universe, shortly after the Big Bang. Fluctuations in density, particularly in regions where the density was high enough, could lead to gravitational collapse into black holes over various mass scales. Their exact properties and existence remain topics of theoretical study and observation.    3. **Supermassive Black Holes**: Found at the centers of most galaxies, including the Milky Way, these black holes have masses ranging from millions to billions of solar masses. Their formation processes are still not fully understood but could involve the merging of smaller black holes, the direct collapse of massive gas clouds, or the growth of stellar black holes through accretion of matter over time.    4. **Theoretical Frameworks**: The gravitational collapse leading to the formation of black holes can be described by Einstein's General Theory of Relativity. In particular, the Schwarzschild solution of the Einstein field equations predicts the structure of a non-rotating black hole. Astrophysical models take into consideration various factors, including angular momentum, magnetic fields, and accretion dynamics, to predict the formation processes effectively.    5. **Quantum Considerations**: The study of black holes also"
azure,RFI-Automate-GPT-4o-mini-2000k,0.7,800,csagan_galaxies,29,231,1,"Ah, the universe, a vast and magnificent expanse, teeming with the wonders of creation! As of our current understanding, astronomers estimate that there are roughly two trillion galaxies in the observable universe. This staggering number arises from deep-sky surveys using advanced telescopes, revealing a cosmos brimming with diverse forms and structures, from spiral beauties like our Milky Way to the enigmatic elliptical and irregular galaxies.    Each galaxy, a vast collection of stars, gas, dust, and dark matter, serves as a cosmic island in the grand ocean of space. Imagine, if you will, that each of these galaxies hosts billions, or even trillions, of stars, each possibly surrounded by its own retinue of planets. The sheer scale of it all evokes a sense of wonder and humility, reminding us of our place in this grand tapestry of existence.     And yet, we must remember that we can only perceive a fraction of the entire universe—a mere glimpse into the infinite. The more we explore, the more we realize how much there is yet to discover. The cosmos beckons us, inviting us to ponder our origins and our destiny among the stars."
azure,RFI-Automate-GPT-4o-mini-2000k,0.7,800,explain_antibiotics,25,287,2,"Antibiotics are a type of medication used to treat infections caused by bacteria. They work by either killing bacteria or inhibiting their growth. It's important to note that antibiotics are effective against bacterial infections but not against viral infections, like the common cold or the flu.    There are several classes of antibiotics, each with different mechanisms of action. For example:    1. **Penicillins** (like penicillin and amoxicillin) disrupt the cell wall of bacteria, leading to their destruction.  2. **Tetracyclines** inhibit protein synthesis, which prevents bacteria from growing and reproducing.  3. **Macrolides** (such as erythromycin and azithromycin) also inhibit protein synthesis but in a slightly different way.  4. **Fluoroquinolones** (like ciprofloxacin) interfere with the bacteria's DNA replication process.    While antibiotics can be lifesaving, their use needs to be managed carefully. Overusing or misusing antibiotics can lead to antibiotic resistance, where bacteria evolve to become immune to the effects of these drugs. This makes infections harder to treat and can lead to longer illness duration, more doctor visits, and a greater risk of complications.    It's always crucial to take antibiotics as prescribed by a healthcare professional and to complete the full course, even if you start feeling better before finishing the medication. This helps ensure that the infection is fully cleared and reduces the risk of developing resistant bacteria."
azure,RFI-Automate-GPT-4o-mini-2000k,0.7,800,one_sentence,114,32,0,"Antibiotics are medications that treat bacterial infections by killing bacteria or inhibiting their reproduction, but they are ineffective against viruses and misuse can lead to antibiotic resistance."
azure,RFI-Automate-GPT-4o-mini-2000k,0.7,800,info_extract,133,15,0,"The large language model-based product mentioned in the paragraph above is ChatGPT."
azure,RFI-Automate-GPT-4o-mini-2000k,0.7,800,qa,157,9,0,"OKT3 was originally sourced from mice."
azure,RFI-Automate-GPT-4o-mini-2000k,0.7,800,text_classification,29,1,0,"Neutral"
azure,RFI-Automate-GPT-4o-mini-2000k,0.7,800,technical,39,506,4,"Certainly. The formation of black holes is a complex astrophysical process that occurs under specific conditions, primarily involving the gravitational collapse of massive stellar objects.    1. **Stellar Evolution**: The life cycle of a star plays a crucial role in black hole formation. Stars are primarily composed of hydrogen and helium, undergoing nuclear fusion in their cores, which generates outward pressure that counteracts gravitational collapse. As a star exhausts its nuclear fuel, it undergoes significant changes.    2. **End Stage of Massive Stars**: For stars with a mass greater than approximately 20 times that of the Sun, when nuclear fusion ceases, the outward pressure diminishes significantly. The core collapses under its own gravity, leading to an increase in temperature and density.    3. **Core Collapse Supernova**: If the core's mass exceeds the Tolman-Oppenheimer-Volkoff limit (approximately 2-3 solar masses), no known forces can counteract the gravitational collapse. The outer layers of the star may explode in a supernova event, while the core continues to collapse, potentially forming a black hole.     4. **Black Hole Formation**: The result of this gravitational collapse is a singularity, a point of infinite density, surrounded by an event horizon, which is the boundary beyond which nothing can escape the gravitational pull of the black hole. This type of black hole formed from stellar remnants is known as a stellar black hole.    5. **Other Formation Mechanisms**: Black holes can also form through other mechanisms:     - **Supermassive Black Holes**: These are found at the centers of galaxies and can have masses ranging from millions to billions of solar masses. Their formation is not yet fully understood, but it is hypothesized that they may form from the merging of smaller black holes or from the direct collapse of massive gas clouds in the early universe.     - **Primordial Black Holes**: These hypothetical black holes could have formed shortly after the Big Bang due to density fluctuations in the early universe.    6. **Gravitational Waves**: The merger of black holes, which can produce gravitational waves detectable by observatories such as LIGO and Virgo, is another area of study that provides insight into their formation and characteristics.    In summary, the creation of black holes is primarily associated with the end stages of massive stars through gravitational collapse, but other mechanisms also contribute to the variety of black holes observed in the universe. Ongoing research in astrophysics continues to refine our understanding of these enigmatic objects."
azure,RFI-Automate-GPT-4o-mini-2000k,0.7,400,csagan_galaxies,29,198,1,"Ah, what a splendid inquiry! The cosmos, vast and magnificent, is adorned with an estimated two trillion galaxies, a staggering number that evokes a sense of wonder and humility. Each galaxy, a swirling dance of stars, gas, dust, and dark matter, tells a unique story of cosmic evolution.     Consider the Milky Way, our home galaxy, a mere speck among this grand tapestry. The Hubble Space Telescope, peering into the depths of space, has revealed countless galaxies, each with its own peculiarities and characteristics. Some are spiral, like our own, while others are elliptical or irregular, each a testament to the dynamic processes that govern the universe.    As we contemplate the enormity of it all, we are reminded of our place in this vast expanse, a small blue dot in an infinite ocean of stars. The exploration of these myriad galaxies expands our understanding and ignites our imagination, inviting us to ponder the mysteries that lie beyond the horizon of our knowledge."
azure,RFI-Automate-GPT-4o-mini-2000k,0.7,400,explain_antibiotics,25,235,2,"Antibiotics are a type of medication used to treat infections caused by bacteria. They work by either killing bacteria or inhibiting their growth and reproduction. Antibiotics are not effective against viral infections, like the common cold or flu.    There are several classes of antibiotics, each with different mechanisms of action. For example:    1. **Penicillins** (like amoxicillin) disrupt the cell wall synthesis of bacteria, leading to cell death.  2. **Tetracyclines** inhibit protein synthesis, which prevents bacteria from growing and multiplying.  3. **Macrolides** (such as azithromycin) also target protein synthesis but do so in a different way.    It's important to use antibiotics responsibly. Overuse and misuse can lead to antibiotic resistance, where bacteria evolve and become resistant to the effects of the drugs, making infections harder to treat. This is a growing public health concern, so doctors often prescribe antibiotics only when necessary.    If you're ever prescribed antibiotics, it’s crucial to take the full course as directed, even if you start feeling better before finishing the medication. This helps ensure that all the bacteria are eliminated and reduces the risk of resistance developing."
azure,RFI-Automate-GPT-4o-mini-2000k,0.7,400,one_sentence,114,33,0,"Antibiotics are medications that treat bacterial infections by killing bacteria or inhibiting their reproduction, but they are ineffective against viruses and inappropriate use can result in antibiotic resistance."
azure,RFI-Automate-GPT-4o-mini-2000k,0.7,400,info_extract,133,15,0,"The large language model-based product mentioned in the paragraph above is ChatGPT."
azure,RFI-Automate-GPT-4o-mini-2000k,0.7,400,qa,157,9,0,"OKT3 was originally sourced from mice."
azure,RFI-Automate-GPT-4o-mini-2000k,0.7,400,text_classification,29,1,0,"Neutral"
azure,RFI-Automate-GPT-4o-mini-2000k,0.7,400,technical,39,400,3,"Black holes are astrophysical objects with gravitational fields so intense that nothing, not even light, can escape from them. The formation of black holes can be categorized into several distinct processes, primarily through stellar evolution, gravitational collapse, and the merging of compact objects.    1. **Stellar Evolution**: The most common pathway for the formation of black holes is through the life cycle of massive stars. When a massive star (typically more than about 20 solar masses) exhausts its nuclear fuel, it undergoes a supernova explosion. The core of the star collapses under its own gravity, resulting in a singularity if the mass of the core exceeds the Tolman-Oppenheimer-Volkoff limit (approximately 2-3 solar masses). This process leads to the formation of a stellar black hole.    2. **Gravitational Collapse**: In the context of non-stellar black holes, primordial black holes may have formed in the early universe due to density fluctuations shortly after the Big Bang. If certain regions of space collapsed under their own gravity without forming stars, they could have created black holes of various masses, potentially ranging from very small to very large.    3. **Merging of Compact Objects**: Black holes can also form through the merger of two neutron stars, or through the merging of existing black holes. As these compact objects spiral towards each other, they emit gravitational waves, and upon merging, they can form a new black hole that is more massive than either of the original objects.    4. **Supermassive Black Holes**: At the centers of galaxies, including our Milky Way, there exist supermassive black holes with masses ranging from hundreds of thousands to billions of solar masses. The exact mechanism of their formation is still an area of active research, but it is hypothesized that they could form through the merging of smaller black holes and the accumulation of gas and stars over time.    5. **Accretion Processes**: Over time, black holes can"
azure,RFI-Automate-GPT-4o-mini-2000k,,,,,,42,
azure,,,,,,,42,