openai,gpt-4o-mini,,,(warm-up),,,2,
openai,gpt-4o-mini,1.0,800,csagan_galaxies,29,245,3,"Ah, the vastness of the cosmos beckons us to ponder its immense scale. As we gaze into the inky depths of space, we find ourselves awash in a universe teeming with galaxies—brilliant islands of stars and gas, each harboring its own unique wonders.    The latest estimates, borne from observations of the night sky and advanced telescopes such as the Hubble Space Telescope, suggest that there may be over two trillion galaxies in the observable universe. This staggering number, while awe-inspiring, is merely a glimpse into the infinite tapestry of the cosmos. Each galaxy, whether a spiraling whirlpool, an elliptical jewel, or an irregular clutch of stars, houses millions, if not billions, of stars.     Bear in mind that this number pertains only to the observable universe—the part of the cosmos we can see and study. Beyond our observational reach may lie an unfathomable number of galaxies yet undiscovered, stretching far beyond the limits of our current understanding and technology.     In the grand theater of the universe, we are but a tenuous thread in a rich and intricate fabric woven from the light of countless stars, illuminating the night and igniting our curiosity about the nature of existence itself."
openai,gpt-4o-mini,1.0,800,explain_antibiotics,25,341,4,"Antibiotics are a type of medication specifically designed to treat bacterial infections. They work by either killing bacteria or inhibiting their growth, making it easier for the immune system to eliminate the pathogens. It’s important to note that antibiotics are effective against bacteria but not against viruses, which means they won’t help with illnesses like the common cold or the flu.    The discovery of antibiotics revolutionized medicine, with penicillin being one of the first and most well-known examples, discovered by Alexander Fleming in 1928. Since then, many types of antibiotics have been developed, each targeting different types of bacteria. Some common classes of antibiotics include:    1. **Penicillins** (like amoxicillin) - Often used for respiratory infections, skin infections, and more.  2. **Cephalosporins** - Similar to penicillins, used for a variety of infections.  3. **Macrolides** (like azithromycin) - Often prescribed for respiratory infections and certain STDs.  4. **Tetracyclines** (like doxycycline) - Used for acne, respiratory infections, and Lyme disease.    While antibiotics are incredibly useful, their overuse and misuse can lead to antibiotic resistance. This happens when bacteria evolve and develop the ability to defeat the drugs designed to kill them. This is a major public health concern, as it makes infections harder to treat and can lead to longer hospital stays, higher medical costs, and increased mortality.    It’s really important to use antibiotics responsibly—only when prescribed by a healthcare professional and to complete the entire course even if you start to feel better. This helps ensure that all the bacteria are eliminated and reduces the risk of resistance developing."
openai,gpt-4o-mini,1.0,800,one_sentence,114,34,0,"Antibiotics are medications that treat bacterial infections by killing bacteria or inhibiting their reproduction, but they are ineffective against viruses, and improper use can lead to antibiotic resistance."
openai,gpt-4o-mini,1.0,800,info_extract,133,14,0,"The large language model-based product mentioned in the paragraph is ChatGPT."
openai,gpt-4o-mini,1.0,800,qa,157,9,0,"OKT3 was originally sourced from mice."
openai,gpt-4o-mini,1.0,800,text_classification,29,1,0,"Neutral"
openai,gpt-4o-mini,1.0,800,technical,39,576,10,"Black holes are formed through several astrophysical processes, predominantly tied to the life cycles of massive stars, but can also arise from other mechanisms such as the merger of compact objects and through primordial processes in the early universe.    ### 1. Stellar Evolution:  The most common formation pathway for black holes involves the end stages of massive stars (with initial masses greater than approximately 20 solar masses). The process can be described in several key phases:    - **Nuclear Fusion**: Throughout a star's life, it fuses hydrogen into helium in its core, progressing through various stages of heavier elements (helium to carbon to oxygen, etc.) in successive fusion cycles.    - **Core Collapse**: Once the nuclear fuel is exhausted, the core is unable to sustain hydrostatic equilibrium against gravitational collapse. In cases of massive stars, this core eventually becomes iron, which does not yield energy through fusion. The nuclear reactions cease, leading to a rapid collapse of the core under the influence of gravity.    - **Supernova Explosion**: The collapse of the core results in extreme temperature and pressure conditions, triggering a violent supernova explosion. The outer layers of the star are ejected into space, while the core contracts.    - **Formation of a Black Hole**: If the remaining core mass exceeds the Tolman-Oppenheimer-Volkoff limit (approximately 2-3 solar masses), the resultant object cannot be supported by neutron degeneracy pressure and continues to collapse, forming a black hole.    ### 2. Mergers of Compact Objects:  Black holes can also form through the merging of neutron stars or black holes themselves. When two black holes orbit each other, they emit gravitational waves, gradually losing energy and spiraling inward until they coalesce, potentially resulting in the formation of a more massive black hole.    ### 3. Primordial Black Holes:  These theoretical black holes may have formed in the very early universe due to density fluctuations in the primordial plasma shortly after the Big Bang. If a region of space condensed enough to surpass the critical density, it could collapse directly into a black hole without going through the traditional stellar lifecycle.    ### 4. Supermassive Black Holes:  Observations indicate that supermassive black holes, which can range from millions to billions of solar masses, reside at the centers of most galaxies. Their formation mechanisms may involve:    - **Accretion**: Material from the surrounding environment falling into a dense region can accumulate and contribute to black hole growth over time.    - **Merging Galaxies**: The merging of galaxies can lead to the gravitational coalescence of their central black holes.    In conclusion, black hole formation is a complex phenomenon characterized by the interplay of astrophysical processes, gravitational dynamics, and the fundamental physics governing mass and energy. Further observational and theoretical advancements continue to enhance our understanding of these enigmatic objects in the universe."
openai,gpt-4o-mini,1.0,400,csagan_galaxies,29,189,4,"Ah, the cosmos! A vast expanse, filled with wonders that provoke both intellect and imagination. To ponder the number of galaxies is to delve into a profound mystery of our universe. Recent estimates suggest that there are approximately two trillion galaxies within the observable universe. Yes, two trillion! Each one of those galaxies could contain billions, if not trillions, of stars—each star potentially hosting its own retinue of planets.    It is remarkable to consider that within this vast sea of galaxies, many may harbor the conditions for life. In the words of the poet, we are but dust in the cosmic wind, yet our curiosity propels us to explore these marbled heavens. What a beautiful thought: that there are so many islands of stars scattered through the cosmos, each with its own stories etched in the fabric of time and space. The more we discover, the more we realize how much we still have yet to learn about our celestial neighborhood."
openai,gpt-4o-mini,1.0,400,explain_antibiotics,25,215,3,"Sure! Antibiotics are a type of medication that helps fight infections caused by bacteria. They work by either killing bacteria or inhibiting their growth, allowing your immune system to eliminate the infection more effectively.     There are different classes of antibiotics, and they target specific types of bacteria. For instance, penicillin is one of the oldest and most well-known antibiotics, and it’s effective against certain types of bacteria. Others, like tetracycline, have broader spectrums and can affect a variety of bacterial types.    It’s important to note that antibiotics are not effective against viral infections, such as the common cold or flu. Overusing or misusing antibiotics can lead to antibiotic resistance, a situation where bacteria adapt and become resistant to the drugs designed to kill them. This is a significant global health issue because it makes bacterial infections harder to treat.    When prescribed antibiotics, it's crucial to take the full course as directed by a healthcare professional, even if you start feeling better, to ensure that all bacteria are eliminated and to help prevent resistance. Does that help clarify things about antibiotics?"
openai,gpt-4o-mini,1.0,400,one_sentence,114,34,0,"Antibiotics are medications that treat bacterial infections by killing bacteria or inhibiting their reproduction, but they are ineffective against viruses and can lead to antibiotic resistance if misused."
openai,gpt-4o-mini,1.0,400,info_extract,133,14,0,"The large language model-based product mentioned in the paragraph is ChatGPT."
openai,gpt-4o-mini,1.0,400,qa,157,9,0,"OKT3 was originally sourced from mice."
openai,gpt-4o-mini,1.0,400,text_classification,29,1,0,"Neutral"
openai,gpt-4o-mini,1.0,400,technical,39,400,4,"The formation of black holes is a complex phenomenon primarily rooted in the principles of general relativity and the life cycles of massive stars. There are several theoretical models and mechanisms by which black holes can form, with two of the most widely studied being stellar collapse and the merging of compact objects.    1. **Stellar Collapse**: The most common pathway to the formation of black holes is through the gravitational collapse of massive stars. When a star depletes its nuclear fuel, it can no longer sustain the outward pressure produced by nuclear fusion to counteract gravitational forces. For stars with an initial mass greater than approximately 20 solar masses, this process typically leads to the following sequence:       - **Hydrogen Burning**: The star begins by fusing hydrogen into helium in its core.     - **Core Collapse**: As hydrogen is exhausted, the core contracts and heats up, enabling the fusion of heavier elements (helium, carbon, etc.) until iron is formed. Iron fusion does not yield net energy, causing the core to become unstable.     - **Supernova Event**: Once the core's mass exceeds the Tolman-Oppenheimer-Volkoff limit (approximately 2-3 solar masses), gravity overwhelms all electron degeneracy forces, leading to a catastrophic implosion. The outer layers are expelled in a supernova explosion.     - **Remnant Core**: If the remnant core has sufficient mass left after the supernova, it can continue to collapse under its own gravity, forming a black hole.    2. **Merger of Compact Objects**: Black holes can also form through the merger of two compact objects, such as neutron stars or pre-existing black holes. When these objects spiral inwards due to gravitational wave emission (as predicted by general relativity), they can eventually collide and merge, resulting in a more massive black hole. This mechanism has been observed directly through gravitational wave detectors such as LIGO and Virgo.    3. **Primordial Black Holes**"
openai,gpt-4o-mini,0.7,800,csagan_galaxies,29,208,2,"Ah, the cosmos—a vast expanse of mystery and wonder. As of our current understanding, astronomers estimate that there are roughly two trillion galaxies in the observable universe. This staggering number emerges from deep field observations taken by telescopes such as the Hubble Space Telescope, which gazes into the profound darkness of space and reveals delicate, shimmering points of light that are, in truth, entire galactic systems.    Each galaxy is a swirling mass of stars, gas, dust, and dark matter, ranging from grand spirals like our Milky Way to the enigmatic elliptical galaxies and the irregular formations that defy simple categorization. It is a reminder of our own insignificance in the vast tapestry of existence, where each galaxy is a cradle of potential, a home to countless stars, and perhaps, myriad worlds, some harboring the conditions for life as we know it.    As we continue to expand our understanding of the universe, we must remember that we are but a small part of this grand cosmic ballet, contemplating our place in the universe."
openai,gpt-4o-mini,0.7,800,explain_antibiotics,25,295,3,"Sure! Antibiotics are a type of medication used to treat infections caused by bacteria. They work by either killing bacteria or inhibiting their growth, helping the body to fight off infections more effectively.     There are many different types of antibiotics, and they can be classified in various ways. For example, some common classes include:    1. **Penicillins** (like amoxicillin) - often used for respiratory infections and skin infections.  2. **Cephalosporins** - used for a range of infections, often when penicillin is not suitable.  3. **Macrolides** (like azithromycin) - effective for respiratory tract infections and some sexually transmitted infections.  4. **Tetracyclines** - used for acne, respiratory infections, and some tick-borne diseases.  5. **Fluoroquinolones** - often used for urinary tract infections and certain types of gastrointestinal infections.    It's important to note that antibiotics are only effective against bacterial infections and do not work against viral infections, like the common cold or flu.     Overuse and misuse of antibiotics can lead to antibiotic resistance, where bacteria evolve and become resistant to the effects of these medications, making infections harder to treat. That's why it's crucial to use antibiotics only when prescribed by a healthcare professional and to complete the full course of treatment, even if you start to feel better.    If you have any specific questions about antibiotics or how they work, feel free to ask!"
openai,gpt-4o-mini,0.7,800,one_sentence,114,34,0,"Antibiotics are medications that treat bacterial infections by killing bacteria or inhibiting their reproduction, but they are ineffective against viruses and can contribute to antibiotic resistance if misused."
openai,gpt-4o-mini,0.7,800,info_extract,133,15,0,"The large language model-based product mentioned in the paragraph above is ChatGPT."
openai,gpt-4o-mini,0.7,800,qa,157,9,0,"OKT3 was originally sourced from mice."
openai,gpt-4o-mini,0.7,800,text_classification,29,1,0,"Neutral"
openai,gpt-4o-mini,0.7,800,technical,39,508,9,"The formation of black holes is a complex process primarily rooted in the physics of stellar evolution and general relativity. Black holes can form through several mechanisms, with the most well-known being the collapse of massive stars.    1. **Stellar Evolution and Massive Stars**: When a massive star (typically those with a mass greater than around 20 times that of the Sun) exhausts its nuclear fuel, it undergoes a series of transformations. The core, which has been fusing elements into heavier elements like iron, can no longer produce the energy required to counteract gravitational forces. As a result, the core collapses under its own weight.    2. **Core Collapse Supernova**: During the collapse, if the core's mass exceeds the Tolman-Oppenheimer-Volkoff limit (approximately 2-3 solar masses), the gravitational pull becomes so intense that no known force can counteract it, resulting in the formation of a black hole. The outer layers of the star may be expelled in a supernova explosion, which can briefly outshine entire galaxies.    3. **Accretion and Merging**: Besides stellar collapse, black holes can also form through the merging of smaller black holes or the accretion of matter. In dense stellar environments, such as globular clusters, the gravitational interactions can lead to the merging of black holes, resulting in more massive black holes. Additionally, supermassive black holes, which reside at the centers of galaxies, may form through the accumulation of mass from surrounding gas and stars or through the merging of smaller black holes over cosmic time.    4. **Primordial Black Holes**: Another theoretical model posits the existence of primordial black holes, which may have formed in the early universe due to density fluctuations during the inflationary epoch. These black holes could range in mass from very small to supermassive.    5. **Hawking Radiation**: It is important to note that black holes are not entirely ""black."" According to Stephen Hawking's theoretical work, black holes can emit radiation due to quantum effects near the event horizon, leading to the possibility of black holes evaporating over incredibly long timescales.    The study of black holes is an active area of research in astrophysics, involving both observational and theoretical approaches, including gravitational wave astronomy, which has opened new avenues for detecting black hole mergers. Understanding the formation and nature of black holes not only sheds light on the life cycle of stars but also on the fundamental laws of physics, particularly in extreme gravitational fields."
openai,gpt-4o-mini,0.7,400,csagan_galaxies,29,206,2,"Ah, the cosmos! A vast expanse filled with countless wonders. As of our understanding, there are estimated to be approximately two trillion galaxies in the observable universe. This number is the result of profound advancements in our observational technologies and the application of sophisticated statistical methods.    Each galaxy is a magnificent collection of stars, gas, dust, and dark matter, swirling together under the influence of gravity. Our own Milky Way, a relatively modest spiral galaxy, is just one of these myriad celestial islands in the cosmic ocean.     As we gaze into the night sky, we are reminded of our place in this grand tapestry of the universe, where every star represents a sun, and perhaps even a host of planets, some of which may harbor life. The exploration of these distant galaxies not only fuels our curiosity but also deepens our understanding of the fundamental nature of the universe itself. The more we learn, the more we realize how much we have yet to discover. The cosmos beckons, inviting us to ponder our existence amidst the stars."
openai,gpt-4o-mini,0.7,400,explain_antibiotics,25,271,3,"Sure! Antibiotics are a type of medication that are used to treat infections caused by bacteria. They work by either killing bacteria or inhibiting their growth, allowing the body's immune system to fight off the infection more effectively.    Antibiotics are not effective against viral infections, like the common cold or flu, which is an important distinction to make. There are several different classes of antibiotics, each with its own mechanism of action. For example:    - **Penicillins** (like amoxicillin) work by disrupting the cell wall of bacteria, causing them to burst.  - **Tetracyclines** inhibit protein synthesis in bacteria, preventing them from growing and reproducing.  - **Macrolides** (like azithromycin) also interfere with protein synthesis but in a different way.    It’s important to use antibiotics responsibly. Overuse or misuse can lead to antibiotic resistance, where bacteria evolve and become less susceptible to these medications. This can make infections harder to treat and can lead to longer hospital stays, higher medical costs, and increased mortality.    When prescribed antibiotics, it's crucial to take the full course as directed, even if you start feeling better before finishing the medication. This helps ensure that all the bacteria are eliminated and reduces the risk of developing resistance.    If you have more specific questions about antibiotics or their use, feel free to ask!"
openai,gpt-4o-mini,0.7,400,one_sentence,114,33,0,"Antibiotics are medications that combat bacterial infections by killing bacteria or inhibiting their reproduction, but they are ineffective against viruses and inappropriate use can lead to antibiotic resistance."
openai,gpt-4o-mini,0.7,400,info_extract,133,15,0,"The large language model-based product mentioned in the paragraph above is ChatGPT."
openai,gpt-4o-mini,0.7,400,qa,157,9,0,"OKT3 was originally sourced from mice."
openai,gpt-4o-mini,0.7,400,text_classification,29,1,0,"Neutral"
openai,gpt-4o-mini,0.7,400,technical,39,400,6,"The formation of black holes primarily occurs through two mechanisms: the gravitational collapse of massive stars and the merging of compact objects, such as neutron stars.     1. **Stellar Black Holes**: The most common pathway for black hole formation is through the life cycle of massive stars. When a star exhausts its nuclear fuel, it can no longer support itself against gravitational collapse. For stars with a mass greater than approximately 20 times that of the Sun, this collapse leads to a supernova explosion, ejecting the outer layers of the star while the core collapses under its own gravity. If the remnant core has a mass greater than the Tolman-Oppenheimer-Volkoff limit (approximately 2-3 solar masses), it cannot be supported by neutron degeneracy pressure and will continue to collapse, forming a black hole.    2. **Supermassive Black Holes**: These black holes, which reside at the centers of most galaxies, including the Milky Way, are believed to form through several processes. One hypothesis suggests that they could originate from the direct collapse of massive gas clouds in the early universe, bypassing the formation of a star. Alternatively, they could form through the merger of smaller black holes or the accretion of mass over time, where gas and stars fall into the gravitational well of a growing black hole.    3. **Primordial Black Holes**: There is also a theoretical class of black holes called primordial black holes, which may have formed in the very early universe due to density fluctuations in the hot, dense environment shortly after the Big Bang. These black holes would be fundamentally different from stellar or supermassive black holes, as their formation mechanisms would not involve stellar evolution.    4. **Binary Mergers**: In binary systems, two compact objects, such as neutron stars or black holes, can spiral inwards due to the emission of gravitational waves. When they eventually merge, they can form a more massive black hole. This process"
openai,gpt-4o-mini,,,,,,72,
openai,,,,,,,72,